,index,is_urban
0,False,0.6918583723289374
1,True,0.3081416276710625
